split,n_samples_mean,MAE_mean,MAE_std,MSE_mean,MSE_std,RMSE_mean,RMSE_std,R2_mean,R2_std
test,444.0,0.035804418019916226,0.0018359497355054696,0.002293555508338851,0.00023834249142942065,0.047831178197721,0.0025240841147962517,0.9092857498233446,0.007270987537298322
train,1035.0,0.021460616812472872,0.0002822642040149172,0.0008410180489616571,2.0990944159126858e-05,0.02899824897634546,0.0003645473106572599,0.9667909648458872,0.001197588394891436
