split,n_samples_mean,MAE_mean,MAE_std,RMSE_mean,RMSE_std,MDAE_mean,MDAE_std,R2_mean,R2_std,MACE_mean,MACE_std,RMSCE_mean,RMSCE_std,miscalibration_area_mean,miscalibration_area_std,sharpness_mean,sharpness_std,NLL_mean,NLL_std,CRPS_mean,CRPS_std
test,768.0,76.04355806567709,3.298193191661004,124.73102500794872,7.512850752276311,39.059607119999995,1.4646303197642803,0.8015869328379391,0.02476083680073393,0.2542096354166667,0.0079867716787873,0.28408691864835134,0.0094846705204771,0.25677740951178457,0.008067446140189198,45.09271357805823,1.5913690164339347,16.85645836528402,8.312282306968466,61.38059300515749,3.0810732979927553
train,1789.0,45.560401723432086,0.8051895895710092,75.06996936494738,1.3517029196230717,23.485839500000004,0.9050460110478552,0.9273362864280642,0.003002288310109093,0.15693327913003713,0.003318937368711686,0.17947740512051036,0.0035510459129639567,0.1584886019043697,0.0033558682902411732,49.57587527610029,0.7383510255341366,4.7829607433058525,0.02035658142357847,30.775464059329277,0.5583633277715763
