split,n_samples_mean,MAE_mean,MAE_std,MSE_mean,MSE_std,RMSE_mean,RMSE_std,R2_mean,R2_std
test,444.0,0.04130640580363544,0.008074013009683932,0.0029334217872255975,0.0008941987127995694,0.05370436117849797,0.007398451612408673,0.8844473783929029,0.029874167496884534
train,1035.0,0.036909646352789385,0.009006949534714022,0.0023970279558194036,0.0009713369374014935,0.04828257187040573,0.008551881495288283,0.9048861372756217,0.041115291565807385
