split,n_samples_mean,MAE_mean,MAE_std,MSE_mean,MSE_std,RMSE_mean,RMSE_std,R2_mean,R2_std
test,444.0,0.03153458645855212,0.001288995878611365,0.0018641963199353038,0.0001388573503099711,0.04314920799275881,0.0016131988693769443,0.9259557176212987,0.007116941906402144
train,1035.0,0.025441129828798092,0.0007304544183538413,0.0012467805671360194,6.70537759972561e-05,0.03529820899798623,0.0009527787842253161,0.9507513527576931,0.003286067780903253
