split,n_samples_mean,MAE_mean,MAE_std,MSE_mean,MSE_std,RMSE_mean,RMSE_std,R2_mean,R2_std
test,768.0,78.52412703498848,3.4685512374396636,15066.75609487353,1710.9201393684673,122.56826221633727,6.97433327285115,0.8085516164391082,0.022527843303222318
train,1789.0,22.00921927607278,3.3446332519832875,1429.5871935006594,406.88907394578496,37.44455098146003,5.526983836646839,0.9816163061194807,0.005093212359091894
