split,n_samples_mean,MAE_mean,MAE_std,MSE_mean,MSE_std,RMSE_mean,RMSE_std,R2_mean,R2_std
test,768.0,76.14510247401041,3.2958456594663135,15632.829060899909,1834.3937785734418,124.82932815900827,7.4883533474425334,0.8012722914425844,0.02476374608840843
train,1789.0,45.62084091716042,0.8121844830078012,5652.624372037952,205.5582473516702,75.17283094784122,1.362130408683811,0.9271359617277742,0.003048405448100502
