split,n_samples_mean,MAE_mean,MAE_std,MSE_mean,MSE_std,RMSE_mean,RMSE_std,R2_mean,R2_std
test,444.0,0.26499960328394584,0.01892497264405962,0.17615700297493359,0.03771711290570118,0.4176754387711933,0.04351539730339117,0.9692126936227783,0.004084008806078079
train,1035.0,0.1826314628498828,0.008150586886244832,0.08400255177289229,0.00841929112727583,0.2895044614465918,0.014518898619505026,0.9861361133255662,0.0012208608414542783
