split,n_samples_mean,MAE_mean,MAE_std,MSE_mean,MSE_std,RMSE_mean,RMSE_std,R2_mean,R2_std
test,444.0,0.36618012062767724,0.027810211596843937,0.4682805207644399,0.2297355265681533,0.6670632576727855,0.1609248652405175,0.9216760517819627,0.026993304651287357
train,1035.0,0.22445309058789698,0.00685046152678062,0.1869340188640194,0.021390449341755487,0.43167670861233914,0.025587282119509343,0.9689891581792939,0.004433093484602226
