split,n_samples_mean,MAE_mean,MAE_std,MSE_mean,MSE_std,RMSE_mean,RMSE_std,R2_mean,R2_std
test,768.0,95.85482160077204,6.051355465201469,24570.272592108726,3015.55309159702,156.48884477289252,9.51688871628124,0.6886766516579315,0.030600421213606396
train,1789.0,51.21198560118745,5.815640416274128,11866.41333064197,2068.4783573722334,108.55188946651569,9.597489480259792,0.8468306744367192,0.028199869812841567
